<?xml version="1.0" encoding="ISO-8859-1"?>
<!--Corporacion Cyber Power S.A.C. / www.cyberpowerperu.com-->
<Invoice xmlns="urn:oasis:names:specification:ubl:schema:xsd:Invoice-2"
         xmlns:cac="urn:oasis:names:specification:ubl:schema:xsd:CommonAggregateComponents-2"
         xmlns:cbc="urn:oasis:names:specification:ubl:schema:xsd:CommonBasicComponents-2"
         xmlns:ccts="urn:un:unece:uncefact:documentation:2"
         xmlns:ds="http://www.w3.org/2000/09/xmldsig#"
         xmlns:ext="urn:oasis:names:specification:ubl:schema:xsd:CommonExtensionComponents-2"
         xmlns:qdt="urn:oasis:names:specification:ubl:schema:xsd:QualifiedDatatypes-2" xmlns:udt="urn:un:unece:uncefact:data:specification:UnqualifiedDataTypesSchemaModule:2"
         xmlns:xsi="http://www.w3.org/2001/XMLSchema-instance">
  <ext:UBLExtensions>
  
  		<ext:UBLExtension>
			<ext:ExtensionContent></ext:ExtensionContent>
		</ext:UBLExtension>
  </ext:UBLExtensions>
  <cbc:UBLVersionID>2.1</cbc:UBLVersionID>
  <cbc:CustomizationID>2.0</cbc:CustomizationID>
  <cbc:ID>F001-00000761</cbc:ID>
  <cbc:IssueDate>2020-09-23</cbc:IssueDate>
  <cbc:IssueTime>12:33:09</cbc:IssueTime>  
  
  <cbc:InvoiceTypeCode listID="0101"
                       listAgencyName="PE:SUNAT"
                       listName="Tipo de Documento"
                       name="Tipo de Operacion"
                       listURI="urn:pe:gob:sunat:cpe:see:gem:catalogos:catalogo01"
                       listSchemeURI="urn:pe:gob:sunat:cpe:see:gem:catalogos:catalogo51">01</cbc:InvoiceTypeCode>
					   
  <cbc:Note languageLocaleID="1000"><![CDATA[DIECINUEVE CON 49/100 SOL]]></cbc:Note>
  <cbc:DocumentCurrencyCode listAgencyName="United Nations Economic Commission for Europe" listID="ISO 4217 Alpha" listName="Currency">PEN</cbc:DocumentCurrencyCode>	
  <cac:Signature>
    <cbc:ID>20538236021</cbc:ID>
	<cbc:Note>Elaborado por el Sistema de Gesti�n SERVAL</cbc:Note>
    <cac:SignatoryParty>
      <cac:PartyIdentification>
        <cbc:ID>20538236021</cbc:ID>
      </cac:PartyIdentification>
      <cac:PartyName>
        <cbc:Name><![CDATA[CORPORACION CYBER POWER SAC]]></cbc:Name>
      </cac:PartyName>
    </cac:SignatoryParty>
    <cac:DigitalSignatureAttachment>
      <cac:ExternalReference>
        <cbc:URI>SIGN</cbc:URI>
      </cac:ExternalReference>
    </cac:DigitalSignatureAttachment>
  </cac:Signature>
  <cac:AccountingSupplierParty>
    <cac:Party>
      <cac:PartyIdentification>
        <cbc:ID schemeAgencyName="PE:SUNAT" schemeID="6" schemeName="Documento de Identidad" schemeURI="urn:pe:gob:sunat:cpe:see:gem:catalogos:catalogo06">20538236021</cbc:ID>
      </cac:PartyIdentification>
      <cac:PartyName>
        <cbc:Name><![CDATA[CORPORACION CYBER POWER SAC]]></cbc:Name>
      </cac:PartyName>
      <cac:PartyLegalEntity>
        <cbc:RegistrationName><![CDATA[CYBER POWER]]></cbc:RegistrationName>
        <cac:RegistrationAddress>
         <cbc:AddressTypeCode>0000</cbc:AddressTypeCode>
		 <cbc:CitySubdivisionName><![CDATA[PEREGRINOS]]></cbc:CitySubdivisionName>
         <cbc:CityName><![CDATA[LIMA]]></cbc:CityName>
         <cbc:CountrySubentity><![CDATA[LIMA]]></cbc:CountrySubentity>
		 <cbc:CountrySubentityCode><![CDATA[150117]]></cbc:CountrySubentityCode>
         <cbc:District><![CDATA[LOS OLIVOS]]></cbc:District>	
		 <cac:AddressLine>
			<cbc:Line><![CDATA[CALLE, LOS ALAMOS 165 OF 301 B URB. PEREGRINOS DEL SE�OR LOS OLIVOS - LIMA]]></cbc:Line>
		 </cac:AddressLine>		 
         <cac:Country>
          <cbc:IdentificationCode>PE</cbc:IdentificationCode>
         </cac:Country>
        </cac:RegistrationAddress>
      </cac:PartyLegalEntity>
    </cac:Party>	
  </cac:AccountingSupplierParty>
  <cac:AccountingCustomerParty>
    <cac:Party>
      <cac:PartyIdentification>
        <cbc:ID schemeID="6"
                schemeName="Documento de Identidad"
                schemeAgencyName="PE:SUNAT"
                schemeURI="urn:pe:gob:sunat:cpe:see:gem:catalogos:catalogo06">20536205153</cbc:ID>
      </cac:PartyIdentification>
      <cac:PartyLegalEntity>
        <cbc:RegistrationName><![CDATA[ARIES JCLC SAC]]></cbc:RegistrationName>
		<cac:RegistrationAddress>
          <cbc:AddressTypeCode>-</cbc:AddressTypeCode>
		  <cbc:CitySubdivisionName>-</cbc:CitySubdivisionName>
          <cbc:CityName>-</cbc:CityName>
          <cbc:CountrySubentity>-</cbc:CountrySubentity>
		  <cbc:CountrySubentityCode><![CDATA[070101]]></cbc:CountrySubentityCode>
          <cbc:District>-</cbc:District>
		  <cac:AddressLine>
			<cbc:Line><![CDATA[AV. PROL MARISCAL DOMINGO NIE NRO. 325 URB. LOS SAUCES LIMA - ATE                                                                                                                                                                                         ]]></cbc:Line>
		  </cac:AddressLine>	
          <cac:Country>
           <cbc:IdentificationCode>PE</cbc:IdentificationCode>      
          </cac:Country>
        </cac:RegistrationAddress>
		</cac:PartyLegalEntity>
    </cac:Party>		
  </cac:AccountingCustomerParty>
  
  


  <!-- Inicio Tributos cabecera-->	
  <cac:TaxTotal>
    <cbc:TaxAmount currencyID="PEN">2.97</cbc:TaxAmount>  
    	<cac:TaxSubtotal>
        <cbc:TaxableAmount currencyID="PEN">16.52</cbc:TaxableAmount>
        <cbc:TaxAmount currencyID="PEN">2.97</cbc:TaxAmount>
        <cac:TaxCategory>
          <cac:TaxScheme>
            <cbc:ID schemeID="UN/ECE 5153"
                    schemeName="Codigo de tributos"
                    schemeAgencyName="PE:SUNAT">1000</cbc:ID>
            <cbc:Name>IGV</cbc:Name>
            <cbc:TaxTypeCode>VAT</cbc:TaxTypeCode>
          </cac:TaxScheme>
        </cac:TaxCategory>
      </cac:TaxSubtotal>  
              </cac:TaxTotal>	
   <!-- Fin Tributos  Cabecera--> 
 <cac:LegalMonetaryTotal>
    <cbc:LineExtensionAmount currencyID="PEN">16.52</cbc:LineExtensionAmount>	
	<cbc:TaxInclusiveAmount currencyID="PEN">19.49</cbc:TaxInclusiveAmount>
    <cbc:AllowanceTotalAmount currencyID="PEN">0</cbc:AllowanceTotalAmount>
	<cbc:ChargeTotalAmount currencyID="PEN">0</cbc:ChargeTotalAmount>	
	<cbc:PrepaidAmount currencyID="PEN">0.00</cbc:PrepaidAmount>	
	<cbc:PayableAmount currencyID="PEN">19.49</cbc:PayableAmount>  
  </cac:LegalMonetaryTotal> 
  <cac:InvoiceLine>
<cbc:ID>1</cbc:ID>	 
	<cbc:InvoicedQuantity unitCode="NIU"
                          unitCodeListID="UN/ECE rec 20"
                          unitCodeListAgencyName="United Nations Economic Commission for Europe">1.00</cbc:InvoicedQuantity>
	<cbc:LineExtensionAmount currencyID="PEN">16.52</cbc:LineExtensionAmount>
    <cac:PricingReference>
      <cac:AlternativeConditionPrice>
        <cbc:PriceAmount currencyID="PEN">19.49</cbc:PriceAmount>
        <cbc:PriceTypeCode listName="Tipo de Precio"
                           listAgencyName="PE:SUNAT"
                           listURI="urn:pe:gob:sunat:cpe:see:gem:catalogos:catalogo16">01</cbc:PriceTypeCode>
      </cac:AlternativeConditionPrice>
	 </cac:PricingReference>


	<!-- Inicio Tributos -->
    <cac:TaxTotal>
      <cbc:TaxAmount currencyID="PEN">2.97</cbc:TaxAmount>	  
      <cac:TaxSubtotal>
        <cbc:TaxableAmount currencyID="PEN">16.52</cbc:TaxableAmount>
        <cbc:TaxAmount currencyID="PEN">2.97</cbc:TaxAmount>
        <cac:TaxCategory>
          <cbc:Percent>18</cbc:Percent>
          <cbc:TaxExemptionReasonCode listAgencyName="PE:SUNAT" 
          							  listName="Afectacion del IGV" 
          							  listURI="urn:pe:gob:sunat:cpe:see:gem:catalogos:catalogo07">10</cbc:TaxExemptionReasonCode>     
          <cac:TaxScheme>
            <cbc:ID schemeID="UN/ECE 5153"
                    schemeName="Codigo de tributos"
                    schemeAgencyName="PE:SUNAT">1000</cbc:ID>
            <cbc:Name>IGV</cbc:Name>
            <cbc:TaxTypeCode>VAT</cbc:TaxTypeCode>
          </cac:TaxScheme>
        </cac:TaxCategory>
      </cac:TaxSubtotal>

    </cac:TaxTotal>	
	<!-- Fin Tributos -->	
    <cac:Item>
      <cbc:Description><![CDATA[ADAPTADOR GENERICO IDE A SATA]]></cbc:Description>
	  <cac:SellersItemIdentification>
        <cbc:ID>3</cbc:ID>
	  </cac:SellersItemIdentification>
	  
    </cac:Item>
    <cac:Price>
      <cbc:PriceAmount currencyID="PEN">16.52</cbc:PriceAmount>
    </cac:Price>
  </cac:InvoiceLine>
</Invoice>
<!--Corporacion Cyber Power S.A.C. / www.cyberpowerperu.com-->