<?xml version="1.0" encoding="UTF-8"?>
<ar:ApplicationResponse xmlns:ar="urn:oasis:names:specification:ubl:schema:xsd:ApplicationResponse-2" xmlns:ext="urn:oasis:names:specification:ubl:schema:xsd:CommonExtensionComponents-2" xmlns:cbc="urn:oasis:names:specification:ubl:schema:xsd:CommonBasicComponents-2" xmlns:cac="urn:oasis:names:specification:ubl:schema:xsd:CommonAggregateComponents-2" xmlns:ds="http://www.w3.org/2000/09/xmldsig#" xmlns:soap="http://schemas.xmlsoap.org/soap/envelope/"><ext:UBLExtensions><ext:UBLExtension><ext:ExtensionContent><Signature xmlns="http://www.w3.org/2000/09/xmldsig#">
<SignedInfo>
  <CanonicalizationMethod Algorithm="http://www.w3.org/2001/10/xml-exc-c14n#WithComments"/>
  <SignatureMethod Algorithm="http://www.w3.org/2001/04/xmldsig-more#rsa-sha512"/>
  <Reference URI="">
    <Transforms>
      <Transform Algorithm="http://www.w3.org/2000/09/xmldsig#enveloped-signature"/>
      <Transform Algorithm="http://www.w3.org/2001/10/xml-exc-c14n#WithComments"/>
    </Transforms>
    <DigestMethod Algorithm="http://www.w3.org/2001/04/xmlenc#sha512"/>
    <DigestValue>NmVR4figm2wIozpccbslwZf8OFP7G5BbluC5QREqfMqk2dn6hvfCAwthhQ1cGOgnuIoeu81HrDSfWwZVcy10jw==</DigestValue>
  </Reference>
</SignedInfo>
    <SignatureValue>*Private key 'BetaPublicCert' not up*</SignatureValue><KeyInfo><X509Data><X509Certificate>*Named certificate 'BetaPrivateKey' not up*</X509Certificate><X509IssuerSerial><X509IssuerName>*Named certificate 'BetaPrivateKey' not up*</X509IssuerName><X509SerialNumber>*Named certificate 'BetaPrivateKey' not up*</X509SerialNumber></X509IssuerSerial></X509Data></KeyInfo></Signature></ext:ExtensionContent></ext:UBLExtension></ext:UBLExtensions><cbc:ID>1614714000296</cbc:ID><cbc:IssueDate>2021-03-02T14:39:59</cbc:IssueDate><cbc:IssueTime>00:00:00</cbc:IssueTime><cbc:ResponseDate>2021-03-02</cbc:ResponseDate><cbc:ResponseTime>13:40:00</cbc:ResponseTime><cac:Signature><cbc:ID>SignSUNAT</cbc:ID><cac:SignatoryParty><cac:PartyIdentification><cbc:ID>20131312955</cbc:ID></cac:PartyIdentification><cac:PartyName><cbc:Name>SUNAT</cbc:Name></cac:PartyName></cac:SignatoryParty><cac:DigitalSignatureAttachment><cac:ExternalReference><cbc:URI>#SignSUNAT</cbc:URI></cac:ExternalReference></cac:DigitalSignatureAttachment></cac:Signature><cbc:Note>4288 - El valor de venta por &#237;tem difiere de los importes consignados. - Error en la linea: 8: 4288 (nodo: "cac:InvoiceLine/cbc:LineExtensionAmount" valor: "389.83")</cbc:Note><cbc:Note>4288 - El valor de venta por &#237;tem difiere de los importes consignados. - Error en la linea: 10: 4288 (nodo: "cac:InvoiceLine/cbc:LineExtensionAmount" valor: "389.83")</cbc:Note><cbc:Note>4288 - El valor de venta por &#237;tem difiere de los importes consignados. - Error en la linea: 11: 4288 (nodo: "cac:InvoiceLine/cbc:LineExtensionAmount" valor: "389.83")</cbc:Note><cbc:Note>4288 - El valor de venta por &#237;tem difiere de los importes consignados. - Error en la linea: 12: 4288 (nodo: "cac:InvoiceLine/cbc:LineExtensionAmount" valor: "292.37")</cbc:Note><cbc:Note>4288 - El valor de venta por &#237;tem difiere de los importes consignados. - Error en la linea: 13: 4288 (nodo: "cac:InvoiceLine/cbc:LineExtensionAmount" valor: "487.29")</cbc:Note><cbc:Note>4301 - La sumatoria de impuestos globales no corresponde al monto total de impuestos. - INFO : 4301 (nodo: "cac:TaxTotal/cbc:TaxAmount" valor: "724.58")</cbc:Note><cbc:Note>4309 - La sumatoria de valor de venta no corresponde a los importes consignados - INFO : 4309 (nodo: "cac:LegalMonetaryTotal/cbc:LineExtensionAmount" valor: "4025.42")</cbc:Note><cbc:Note>4310 - La sumatoria del Total del valor de venta m&#225;s los impuestos no concuerda con la base imponible - INFO : 4310 (nodo: "cac:LegalMonetaryTotal/cbc:TaxInclusiveAmount" valor: "5325.00")</cbc:Note><cbc:Note>3244 - Debe consignar la informacion del tipo de transaccion del comprobante - INFO : 3244 (nodo: "/" valor: "")</cbc:Note><cac:SenderParty><cac:PartyIdentification><cbc:ID>20131312955</cbc:ID></cac:PartyIdentification></cac:SenderParty><cac:ReceiverParty><cac:PartyIdentification><cbc:ID>20554295887</cbc:ID></cac:PartyIdentification></cac:ReceiverParty><cac:DocumentResponse><cac:Response><cbc:ReferenceID>F001-00000776</cbc:ReferenceID><cbc:ResponseCode>0</cbc:ResponseCode><cbc:Description>La Factura numero F001-00000776, ha sido aceptada</cbc:Description></cac:Response><cac:DocumentReference><cbc:ID>F001-00000776</cbc:ID></cac:DocumentReference><cac:RecipientParty><cac:PartyIdentification><cbc:ID>6-20600549490</cbc:ID></cac:PartyIdentification></cac:RecipientParty></cac:DocumentResponse></ar:ApplicationResponse>